
insert into semester values(
1,'semOne'), 
(2,'semTwo'), 
(3,'semThree'), 
(4,'semFour'), 
(5,'semFive'), 
(6,'semSix'), 
(7,'semSeven'),
(8,'semEight')
select *From class
insert into class values(
'C01','CA194',5)
insert into class values(
'C02','CA195',5)
insert into class values(
'C03','CA201',3)
insert into class values(
'C04','CA202',3)
insert into class values(
'C05','CA211',1)
insert into class values(
'C06','CA212',1)
insert into class values(
'E07','EN211',1)
insert into class values(
'E08','EN212',1)
insert into class values(
'E09','EN204',3)
insert into class values(
'E10','EN205',3)
insert into class values(
'E11','EN191',7)
insert into class values(
'E12','EN192',7)
DROP TABLE COURSE
insert into faculty values
(1, 'Computer'),
(2, 'Civil Engineering')

insert into course values
('CA01','Computer Application' ,48,1,1),
('PY02','Python Programming',80, 1,1),
('JA03','Data Structures',80,5,1),
('JS04','Java Script',80,3,1),
('Ac05','Principle Accounting',48,3,1),
('SA06','system analys and Design',48,5,1),
('DL07','Digital Logic Design',48,3,2),
('SO08','Soil',80,7,2),
('CM09','Constructural Material',48,3,2),
('MS10','MIS',48,5,1),
('CC11','CCNA',48,5,1),
('CM12','C# Two',80,5,1),
('OR13','Oracle',48,5,1),
('SQ14','SQL Server',48,3,1),
('AR15','Arabic',48,1,1),
('FI16','FIT',48,1,1),
('CM10','Constructural Material',48,5,2)

select *From student
select * from Class
insert into student values
('C119001','Ali Suley Omar','Male','C01','Ali@Gmail.com',619086342,661722)
insert into student values
('C119002','Farhan Mohamud Mohamed','Male','C01','Farhan@Gmail.com',618086341,616633)
insert into student values
('C119003','Abdalle Mohamud Farah','Male','C01','Abdalle@Gmail.com',619002345,122933)
insert into student values
('C119004','Faduma Omar Ahmed','Female','C01','Faduma@Gmail.com',619006752,662728)
insert into student values
('C119005','Muslimo Adan Warsame','Female','C01','Muslimo@Gmail.com',619099142,882993)
insert into student values
('C119006','abshir abdullahi ibrahim','male','C01','abshir@Gmail.com',61887557,773834)
insert into student values
('C119007','mohamed nuur mohamed','male','C01','moha@Gmail.com',7624844,994865)
insert into student values
('C119008','salman Adan hussein','male','C01','salman@Gmail.com',61284444,922834)
insert into student values
('C119009','abdullahi osman ibrahim','male','C01','abdalla@Gmail.com',73565943,736474),
('C119010','fanka moha nuur','male','C02','fanka@Gmail.com',122131,662733),
('C119011','feysal mohamed abdi','male','C02','feysal12@Gmail.com',61000022,773834),
('C119012','mohamed osman hassan','male','C02','mohaosman@Gmail.com',615004951,667678)
insert into student values
('C119013','khadija ali mohamed','Female','C02','khadija@Gmail.com',616222222,637744),
('C119014','aisha osman hassan','Female','C02','aishaosman@Gmail.com',61766666,888483),
('C119015','ilhan mohamed hassan','Female','C02','ilhan@Gmail.com',61555532,667722),
('C119016','Yahye Abdikarim Farah','Male','C02','Yahye@Gmail.com',612096342,662727)
insert into student values
('C119017','Liban Abdishakur Muhidin','Male','C02','Lii88@Gmail.com',6618288,667333),
('C119018','Yasin Abdirahman Ahmed','Male','C02','Yaska@Gmail.com',611883933,667722),
('C119019','Shamso Yasin Ali','Female','C02','Shamsa@Gmail.com',68829333,728823),
('C119020','Sumeya Mohamed Ali','Female','C02','Sumeya@Gmail.com',612779082,993773),
('C119021','Dahir suleyman Mohamed','Male','C03','Dahir@Gmail.com',617543213,298833),
('C119022','Hassan Abdirizak Ali','Male','C03','Hassan@Gmail.com',618776322,220033),
('C119023','Mahad Abdulkadir Farah','Male','C03','Mahad@Gmail.com',610999442,667823),
('C119024','Batula Mohamed Kahie','Female','C03','Batula@Gmail.com',611234142,638299),
('C119025','Kafiya Sharif Osman','Female','C03','Kafiya@Gmail.com',617221512,667883),
('C119026','Abdimalik Osman Hassan','Male','C03','Abdimalik@Gmail.com',612354612,664839)
insert into student values
('C119027','Mustaf Abukar Abdullahi','Male','C03','Mustafa@Gmail.com',6171182,662822),
('C119028','Salim Abukar Ahmed','Male','C03','Salim@Gmail.com',61772772,993949),
('C119029','Aisha Ali Halane','Female','C03','Aisha@Gmail.com',61711722,772293),
('C119030','Hafsa Abdulkadir Mohamed','Female','C03','Hafsa@Gmail.com',61777833,662833),
('C119031','abdikafi abdullahi Mohamed','male','C04','abdika@Gmail.com',62773783,628733),
('C119032','hassan mohamed haji','male','C04','hass@Gmail.com',61737738,229383),
('C119033','nimco osman hassan','female','C04','nimo@Gmail.com',61778383,299373),
('C119034','suufi abdullahi hassan','male','C04','suufi@Gmail.com',6177822,223393),
('C119035','ibrahim abdullahi ali','male','C04','ibrahim@Gmail.com',61819920,220033),
('C119036','xazaazi ali mohamed','male','C04','xazazi@Gmail.com',61888293,389202),
('C119037','mohamed abdullahi ibrahim','male','C04','falama@Gmail.com',61883844,668888),
('C119038','ayuush ibrahim hassan','female','C04','ayuush@Gmail.com',617838444,622911),
('C119039','samow osman hassan','male','C04','samow@Gmail.com',61728338,772839),
('C119040','safiyo mohamed muse','female','C04','safia@Gmail.com',617177383,778292)
insert into student values
('C119041','mohamed mohamed muse','male','C04','moha12@Gmail.com',6772629,618283),
('C119042','sumayo Mohamed mursal','female','C04','sumayo@Gmail.com',61192223,627833),
('C119043','mohamud mohamed yusuf','male','C04','awyuu@Gmail.com',6787888,617383),
('C119044','ali deeq ali','male','C04','alideq@Gmail.com',618883992,718923),
('C119045','mahad mohamed hassan','male','C04','mahadmoh11@Gmail.com',61442522,383949),
('C119046','yuusuf ciise Mohamed','male','C04','yusufcise@Gmail.com',612556267,778389),
('C119047','cibaado cali hussein','female','C04','cibado@Gmail.com',61729102,737823),
('C119048','Abinor Abdullahi Ali','male','C05','Nor78@Gmail.com',618990921,737891),
('C119049','Abdirahem Moalim Ahmed','male','C05','Rashka89@Gmail.com',61929102,737892),
('C119050','Falastin Ali Jama','female','C05','Falis10@Gmail.com',61029102,737893),
('C119051','Mohamed Nor Mohamud','male','C05','Moha19@Gmail.com',613213002,737894),
('C119052','Bisharo Mohamed Osman','female','C05','Bishara39@Gmail.com',619032231,737895),
('C119053','Samira Abdullahi Dirie','female','C05','Samira77@Gmail.com',617001231,737896),
('C119054','Cabdiya Ali Gudlawe','female','C05','Abdiya00@Gmail.com',612771922,737897),
('C119055','Omar Mohemd Said','male','C05','Mohan01@Gmail.com',61007721,737898),
('C119056','Liban Moalim Abdullahi','male','C05','Libojo00@Gmail.com',612711119,737899),
('C119057','Mohamed Ahmed Mohamud','male','C05','Mohan91@Gmail.com',612919121,737900),
('C119058','Kamal Muhidin Omar','male','C05','Kamal001@Gmail.com',610212122,737901),
('C119059','Faiza Abdullahi Adam','female','C05','Faiza66@Gmail.com',612992101,737902),
('C119060','Hussein Abdimalik Osman','male','C05','Hussein03@Gmail.com',616574856,737903),
('C119061','Munir Jama Kahie','male','C05','munir92@Gmail.com',617890743,737904),
('C119062','Ridwan Mohamed Jamal','female','C05','Ridwan@Gmail.com',616785321,737905),
('C119063','Muse Abdiaziz Ali','male','C06','Muse990@Gmail.com',616721891,737906),
('C119064','Ali Mohamed Salah','male','C06','AliXumow01@Gmail.com',610154821,737907),
('C119065','Mariya Mohamud Mohamed','female','C06','Mariya86@Gmail.com',617654321,737908),
('C119066','Abdikani Abdullahi Omar','male','C06','Abdikani@Gmail.com',617907321,737909),
('C119067','Burhan Abulkadir Omar','male','C06','Buran91@Gmail.com',617031312,737910),
('C119068','Safiya Abdirizak Abdullahi','female','C06','Safiya05@Gmail.com',618903793,737911),
('C119069','Diini Mohamed Diini','male','C06','Diini53@Gmail.com',61990821,737912),
('C119070','Farah Abdulkadir Ahmed','male','C06','Farahyare21@Gmail.com',618862324,737913),
('C119071','Ilhan Abdimalik Osman','female','C06','Ilhan70@Gmail.com',619631213,737914),
('C119072','Mohamed Warseme Ali','male','C06','Mohan943@Gmail.com',619621181,737915),
('C119073','Yahye Abdulkadir Ali','male','C06','Yahye99@Gmail.com',619697591,737916),
('C119074','Salmo Abdirahman Ali','female','C06','Salma623@Gmail.com',617739193,737917),
('C119075','Farhan Ali Dahir','male','C06','Farhan901@Gmail.com',618421121,737918),
('C119076','Dahir Mohamud Osman','male','C06','Dahir92@Gmail.com',618931120,737901),
('C119077','Laylo Ali Kulow','female','C06','Laylo83@Gmail.com',610382013,737920),
('C119078','Sadiq Abdullahi Dhuhulow','male','C06','Sadiq932@Gmail.com',617003231,737921),
('C119079','Nor Dirie Liban','male','C06','Norani221@Gmail.com',618323804,737922),
('C119080','Fardowsa Warsame Yusuf','female','C06','Fardowsa905@Gmail.com',616009212,737923),
('C119081','Abdiqafar Ali Shire','male','C06','Abdiqafar473@Gmail.com',616708900,737924),
('C119082','Warsame Geedi Ali','male','C06','Warsame77@Gmail.com',618994281,737925)
select *from class

select * from Student
insert into student values
('E118001','Nor Abdullahi Said','Male','E07','Nor@Gmail.com',613112090,839223),
('E118002','Sadam Omar Warsame','Male','E07','Sadam@Gmail.com',610991234,738823),
('E118003','Munir Ali Osamn','Male','E07','Munir@Gmail.com',611990212,229933),
('E118004','Layla Abdisalan Ali','Female','E07','Layla@Gmail.com',62828883,478685),
('E118005','Farhia','Female','E07','Farhia@Gmail.com',62888383,246786),
('E118006','Abdisalan Ibrahim Elmi','Male','E07','Abdisalan@Gmail.com',610991231,667889),
('E118007','Mahad Mohamud Ahmed','Male','E07','Mahad12@Gmail.com',610016342,245677),
('E118008','Khalid Abdirizak Farah','Male','E07','Khalid@Gmail.com',6662383,234456),
('E118009','Zahra Husein Ahmed','Female','E07','Zahra@Gmail.com',61728333,223345),
('E118010','Khadija Hassan Aweys','Female','E07','Khadija12@Gmail.com',62773833,628333),
('E119011','khalid Mohamed Hassan','Male','E08','khalido@Gmail.com',6111123,235676),
('E119012','abdullahi mohamed Hassan','Male','E08','adbidallamoha@Gmail.com',6117273,665533),
('E119013','yasser Hassan osman','Male','E08','yasserblack@Gmail.com',62228323,245667),
('E119014','abdirizak osman Hassan','Male','E08','abdirizakosman@Gmail.com',6655522,665466)

insert into student values
('E119015','abdiizak abdulle abshir','Male','E08','donga@Gmail.com',556613,666334),
('E119016','abdirizak Hassan osman','Male','E08','carab@Gmail.com',54626233,887272),
('E119017','Mohamed farax Hassan','Male','E08','farax@Gmail.com',5566173,977729),
('E119018','mohamed ibrahim Hassan','Male','E08','madey@Gmail.com',56256762,332563),
('E119019','mohamud ali omar','Male','E08','mohali@Gmail.com',65462772,221923),
('E119020','Maryama Ali Abdulkadir','Female','E08','Maryama@Gmail.com',61110021,662772)

insert into student values
('E119021','mohamed abdullahi farmajo','Male','E09','famajo@Gmail.com',77173834,997744),
('E119022','Hassan sheikh mohamoud','Male','E09','hasansheikh@Gmail.com',65117133,555562),
('E119023','khadijo mohamed dirye','female','E09','khadijad10@Gmail.com',55444422,442633),
('E119024','fowziyo abiikar jesow','female','E09','fowziya1@Gmail.com',44256363,331623),
('E119025','dahir amin jesow','Male','E09','jesow@Gmail.com',5516373,323333),
('E119026','ruqiyo Ali Abdulkadir','Female','E09','ruqiyo12@Gmail.com',614415633,889222),
('E119027','kowthar isack mohamud','Female','E09','kowthar@Gmail.com',611100213,662772),
('E119028','hawa Ali mohamed','Female','E09','hawa12@Gmail.com',617283848,998765),
('E119029','cabdiqadir mohamed ali','male','E09','qaadirey12@Gmail.com',61766444,663332),
('E119030','alphonso devis juma','male','E09','alphonso@Gmail.com',771777,758364)
select *From lecturer
insert into lecturer values
('lect001','mohamed abdullahi khalaf','Male','khalaf@Gmail.com',61119282,123456),
('lect002','mohamed ahmed mohamoud','Male','black@Gmail.com',61888883,112233),
('lect003','Naima hassan dhimbil','female','naima12@Gmail.com',61177222,666666),
('lect004','abas mohamed ali','male','abas@Gmail.com',61778833,223344),
('lect005','mowlid adan diriye','Male','mowla@Gmail.com',61788843,334455),
('lect006','mohamed abdikarim hassan','Male','mohan12@Gmail.com',611888882,445566),
('lect007','Aisha osman hassan','female','aisha1@Gmail.com',61863553,556677),
('lect008','yaxye mohamed hirsi','male','yahye18@Gmail.com',617788443,667788),
('lect009','abdinuur ahmed ali','male','abdinur10@Gmail.com',618553535,778899),
('lect010','abdirizaq warsame abdulle','male','crwarsame12@Gmail.com',618354442,889900)
insert into lecturer values
('lect011','Abdullahi Mohamed Hassan','male','Hajow32@Gmail.com',618653984,990011),
insert into lecturer values
('lect012','Mohamed Abdullahi Shuriye','male','Shuriye@Gmail.com',618356399,991122),
insert into lecturer values
('lect013','Abdifatah Ahmed Gedi','male','Gedi@Gmail.com',618438942,111222),
insert into lecturer values
('lect014','Abdimalik Osaman Hassan','male','Almasri899@Gmail.com',613894831,222333)
insert into lecturer values
('lect015','Fartun Abdimalik Abdirizak','female','farta38@Gmail.com',615439843,333444)
insert into lecturer values
('lect016','Salim Abdirahman Mustaf','male','Salimu89@Gmail.com',61843924,444555)


insert into lecturerSubjects values
('lect001','C05','Py02'),
('lect001','C06','Py02'),
('lect002','C01','DS03'),
('lect002','C02','DS03'),
('lect003','C01','CC11'),
('lect003','C02','CC11'),
('lect004','C01','SA06'),
('lect004','C02','SA06'),
('lect005','C01','MS10'),
('lect005','C02','MS10'),
('lect006','C03','SQ14'),
('lect006','C04','SQ14'),
('lect007','C01','CS12'),
('lect007','C03','DL07'),
('lect008','C04','DL07'),
('lect009','E09','SO08'),
('lect010','C03','JS04'),
('lect010','C04','JS04'),
('lect011','C05','FI16'),
('lect011','C06','FI16'),
('lect012','C05','CA01'),
('lect012','C06','CA01'),
('lect013','C01','OR13'),
('lect013','C01','OR13'),
('lect014','C05','AR15'),
('lect014','C06','AR15'),
('lect015','E08','CM09'),
('lect016','C03','Ac05'),
('lect016','C04','Ac05')

update course set courseID='DS03' where courseName = 'Data Structures'
update course set courseID='CS12' where courseName = 'C# Two'


select lecturer.lecName,course.courseName,class.className from lecturerSubjects 
inner join lecturer on lecturerSubjects.lecID=lecturer.lecID 
inner join class on lecturerSubjects.classID = class.classID 
inner join course on lecturerSubjects.courseID=course.courseID
where lecturer.lecID='lect001';

insert into admin values
('admin01','abdullahi mohamed hassan',123456),
('admin02','xafsa abdirizak abdimalik',112233)

select *From examDepartment
insert into examDepartment values
('depart1',1,333444),
('depart2',2,555666),
('depart3',3,666777)